run,gen,nevals,bestId,bestPos,bestError,Eo,env
1,1,30,2,"[1.0, -1.0]",2.0,0,0
1,2,46,2,"[1.0, -1.0]",2.0,0.6956521739130435,0
1,3,62,2,"[1.0, -1.0]",2.0,1.032258064516129,0
