run,gen,nevals,bestId,bestPos,bestError,Eo,env
1,1,30,2,"[1.0, -1.0]",2.0,0,0
1,2,46,2,"[1.0, -1.0]",2.0,0.6956521739130435,0
1,3,62,2,"[1.0, -1.0]",2.0,1.032258064516129,0
1,4,78,2,"[1.0, -1.0]",2.0,1.2307692307692308,0
1,5,94,2,"[1.0, -1.0]",2.0,1.3617021276595744,0
1,6,110,2,"[1.0, -1.0]",2.0,1.4545454545454546,0
