run,gen,nevals,bestId,bestPos,bestError,Eo,env
1,1,2500,100,"[22.0, 55.0, 2.0, 23.0, 56.0]",41.45392613253969,0,0
1,2,5000,67,"[21.829077395263987, 54.84124894285402, 2.186784552758192, 22.897200781798226, 56.186636471142954]",40.39943317800753,43.37744016603261,0
