run,gen,nevals,bestId,bestPos,bestError,Eo,env
1,1,2500,100,"[22.0, 55.0, 2.0, 23.0, 56.0]",41.45392613253969,0,0
1,2,5000,67,"[21.829077395263987, 54.84124894285402, 2.186784552758192, 22.897200781798226, 56.186636471142954]",40.39943317800753,43.37744016603261,0
1,3,9300,95,"[83.74729395235948, 68.27482043599926, 53.760357782103554, 98.00128463470273, 23.32758957720397]",53.500757186103996,37.617762548421126,1
1,4,13675,88,"[83.67455252266465, 68.44229884236046, 53.669004490961555, 97.9478261003869, 23.49598089901772]",52.92281478615909,35.21461117143721,1
1,5,18050,68,"[83.48980614096811, 68.51661373417107, 53.488925017841275, 98.03817218791784, 23.68213973162468]",52.33989015271539,33.86203922058767,1
1,6,22425,30,"[83.35965731543757, 68.71492272326945, 53.665042868065186, 98.07894103647811, 23.87579731601044]",51.70973847833047,32.72568944791678,1
