run,gen,nevals,bestId,bestPos,bestError,Eo,env
1,1,30,29,"[2.0, 0.0, -1.0]",5.0,0,0
1,2,66,2,"[-1.0, -1.0, 0.0]",2.0,2.727272727272727,0
1,3,99,2,"[-1.0, -1.0, 0.0]",2.0,2.484848484848485,0
