run,gen,nevals,bestId,bestPos,bestError,Eo,env
1,1,100,10,"[56.0, 3.0, 13.0, 24.0, 11.0]",51.64811328527148,0,0
1,2,202,10,"[57.40241517699554, 0.21392188617830343, 14.018661581671536, 22.72797988860931, 10.984575219443784]",49.57455033137708,51.74811344623042,0
1,3,304,10,"[60.26395246778037, -1.056879075229597, 11.478627599604437, 22.48589972952109, 8.832949551099626]",48.9362636299939,50.48271473400634,0
1,4,406,10,"[58.587371921014906, 1.3640153425140278, 13.514410895906991, 24.50650810307536, 7.253384202535067]",44.88594272199167,48.85551613629807,0
1,5,508,10,"[59.01448780003002, 1.3524054291143368, 13.980953019683492, 23.791572716684932, 9.14860588992576]",43.949543455125976,47.69742893080604,0
1,6,610,10,"[62.07803487926151, -0.6132691652573732, 15.733181295155749, 25.236990011265455, 5.987268741825807]",35.89797246161471,45.60670679182121,0
1,7,712,10,"[62.07803487926151, -0.6132691652573732, 15.733181295155749, 25.236990011265455, 5.987268741825807]",35.89797246161471,44.115011782545515,0
